<?xml version='1.0' encoding='utf-8'?>
<addon id="plugin.program.chainlabswizard" name="ChainLabs Wizard" version="1.0.0" provider-name="YourName">
  <extension point="xbmc.python.program" library="default.py">
    <program>
      <title>ChainLabs Wizard</title>
      <description>Installs the full Neurochain build.</description>
    </program>
  </extension>
  <icon>resources/media/icon.png</icon>
  <fanart>resources/media/fanart.jpg</fanart>
  <thumbnail>resources/media/icon.png</thumbnail>
  <platform>all</platform>
</addon>