<?xml version="1.0" encoding="UTF-8" standalone="yes"?>
<addon
    id="plugin.program.neurochainlabswizard"
    name="NeuroChainLabs Wizard"
    version="1.0.0"
    provider-name="NeuroChainLabs">

    <requires>
        <import addon="xbmc.python" version="3.0.0"/>
        <import addon="script.module.requests"/>
        <import addon="script.module.six"/>
        <!-- Optional extras left unchanged -->
        <import addon="script.kodi.android.update" optional="true" version="1.1.7"/>
        <import addon="script.speedtester" optional="true" version="1.1.2"/>
    </requires>

    <!-- Main plugin entry point -->
    <extension point="xbmc.python.pluginsource" library="default.py">
        <provides>executable</provides>
    </extension>

    <!-- Service to run on startup -->
    <extension point="xbmc.service" library="startup.py" start="startup"/>

    <!-- Metadata shown in Kodi’s Add-on info -->
    <extension point="xbmc.addon.metadata">
        <summary lang="en">NeuroChainLabs Wizard</summary>
        <description lang="en">Installs and updates your custom Kodi 21 build effortlessly with NeuroChainLabs Wizard.</description>
        <platform>all</platform>
        <reuselanguageinvoker>false</reuselanguageinvoker>
        <!-- Optional: point this at your GitHub repo or website -->
        <source>https://github.com/YourUser/neurochainlabs-kodi-wizard/</source>
    </extension>

    <!-- Artwork for the Add-on info screen -->
    <extension point="xbmc.addon.metadata">
        <assets>
            <icon>icon.png</icon>
            <fanart>fanart.png</fanart>
        </assets>
    </extension>
</addon>
