<?xml version="1.0" encoding="UTF-8" standalone="yes"?>
<addon id="repository.chainlabswizard"
       version="1.0.1"
       name="ChainLabs Wizard Repository"
       provider-name="YourName"
       extension=".repository">
  <extension point="xbmc.addon.repository" name="ChainLabs Wizard Repo">
    <!-- Kodi will fetch this URL: https://<you>/neurochain-wizard/addons.xml -->
    <info compressed="false">addons.xml</info>
  </extension>
  <summary lang="en">Hosts NeurochainWizard</summary>
  <description lang="en">
    This repository contains the NeurochainWizard program add-on.
  </description>
  <platform>all</platform>
</addon>
