<?xml version="1.0" encoding="UTF-8" standalone="yes"?>
<addon id="plugin.program.chainlabswizard"
       name="ChainLabs Wizard"
       version="1.0.0"
       provider-name="NeuroChainLabs">
  <extension point="xbmc.python.script" library="default.py">
    <provides>wizard</provides>
  </extension>
  <extension point="xbmc.addon.metadata">
    <summary>Downloads & installs NeuroChainLabs Kodi build</summary>
    <platform>all</platform>
    <language>en</language>
    <fanart>fanart.png</fanart>
    <icon>icon.png</icon>
  </extension>
</addon>
